S.NO.,LOCATION,STATION NAME,INDUSTRY DOMAIN,Batch,Institute Scholarship (If any),No. of Projects,Disciplines
1,Bangalore,Electrono Solutions - Embedded Systems / IoT(Bangalore) ,Electronics,Summer 2021,None,"A3, A7"
2,Hyderabad,"Access Livelihoods Consulting India, Ltd. - Social Sector(Hyderabad) Finance and ",Mgmt,Summer 2021,None,"A3, A7"
3,Tirora,Adani Power-Chemical (Biogas design)(Tirora) ,Mechanical,Summer 2021,None,"A3, A7"
4,Tirora,Adani Power-Chemical (Lube oil quality)(Tirora) ,Mechanical,Summer 2021,None,"A3, A7"
5,Tirora,Adani Power-Civil(Tirora) ,Mechanical,Summer 2021,None,"A3, A7"
6,Tirora,Adani Power-Computer science(Tirora) ,Mechanical,Summer 2021,None,"A3, A7"
7,Tirora,Adani Power-Electronics(Tirora) ,Mechanical,Summer 2021,None,"A3, A7"
8,Tirora,Adani Power-Mechanical(Tirora) ,Mechanical,Summer 2021,None,"A3, A7"
9,Bangalore,Adarsh Control & Automation Pvt. Ltd- Industrial Automation(Bangalore) ,Electronics,Summer 2021,None,"A3, A7"
10,Halol,Aditya Birla Insulators(Halol) ,Electronics,Summer 2021,None,"A3, A7"
11,Mumbai,Aditya Birla Science & Technology-Chemical(Mumbai) ,Chemical,Summer 2021,None,"A3, A7"
12,Shambupura,Aditya Cement Works-Chemical(Shambupura) ,Cement,Summer 2021,None,"A3, A7"
13,Shambupura,Aditya Cement Works-Civil(Shambupura) ,Cement,Summer 2021,None,"A3, A7"
14,Shambupura,Aditya Cement Works-Mechanical(Shambupura) ,Cement,Summer 2021,None,"A3, A7"
15,Mumbai,AECOM Infrastructure-Civil(Mumbai) ,Infrastructure,Summer 2021,None,"A3, A7"
16,Pune,Afour tech -Mobile App development(Pune) ,IT,Summer 2021,None,"A3, A7"
17,Mumbai,Agile connect - Cloud Appplication Dev(Mumbai) ,IT,Summer 2021,None,"A3, A7"
18,Mumbai,Agile Connects Private Ltd - Embedded Systems/IoI(Mumbai) Computer ,Science,Summer 2021,None,"A3, A7"
19,Mumbai,Agile connects- Market survey(Mumbai) Finance and ,Mgmt,Summer 2021,None,"A3, A7"
20,Sahibzada,Ajit Singh Nagar Agnext tech- AL/ML(Sahibzada Ajit Singh Nagar) ,IT,Summer 2021,None,"A3, A7"
21,Sahibzada,Ajit Singh Nagar Agnext tech-Computer Vision(Sahibzada Ajit Singh Nagar) ,IT,Summer 2021,None,"A3, A7"
22,Sahibzada,Ajit Singh Nagar Agnext tech-Software Development(Sahibzada Ajit Singh Nagar) ,IT,Summer 2021,None,"A3, A7"
23,Hyderabad,Aizant Global Analytics- Software development(Hyderabad ) Health ,Care,Summer 2021,None,"A3, A7"
24,Gurgaon,Alankaar India- Digital Marketing(Gurgaon) Finance and ,Mgmt,Summer 2021,None,"A3, A7"
25,Hyderabad,Aliens Developers Pvt. Ltd(Hyderabad ) ,Infrastructure,Summer 2021,None,"A3, A7"
26,New,"delhi Alma connect - customer relationship management,New delhi(New delhi) Finance and ",Mgmt,Summer 2021,None,"A3, A7"
27,New,delhi Almaconnect- General Management(New delhi) Finance and ,Mgmt,Summer 2021,None,"A3, A7"
28,UAE,Americana Foods - Digital Analytics(UAE) Finance and ,Mgmt,Summer 2021,None,"A3, A7"
29,UAE,Americana Foods - Retail Modelling(UAE) Finance and ,Mgmt,Summer 2021,None,"A3, A7"
30,UAE,Americana Foods-Actionable KPI Design & communication(UAE) Finance and ,Mgmt,Summer 2021,None,"A3, A7"
31,Hyderabad,Amritha Tool Crafts-Computer science(Hyderabad ) ,Mechanical,Summer 2021,None,"A3, A7"
32,Hyderabad,Amritha Tool Crafts-Mechanical(Hyderabad ) ,Mechanical,Summer 2021,None,"A3, A7"
33,Visakhapatnam,Andhra Pradesh Human Resource Development institute (APHRDI)-Mechanical/Chemical/Civil(Visakhapatnam ) Finance and ,Mgmt,Summer 2021,None,"A3, A7"
34,Sri,kalahasthi Andhra Pradesh Human Resource Development institute (APHRDI)-Mechanical/Chemical/Civil(Sri kalahasthi) Finance and ,Mgmt,Summer 2021,None,"A3, A7"
35,Bapatla,( Near Amaravti) Andhra Pradesh Human Resource Development institute (APHRDI)-Mechanical/Chemical/Civil(Bapatla ( Near Amaravti) ) Finance and ,Mgmt,Summer 2021,None,"A3, A7"
36,Pune,APS Lifetech(Pune) Health ,Care,Summer 2021,None,"A3, A7"
37,Delhi,Arbunize Digital Media Pvt. Ltd - Information Extraction/NLP(Delhi) ,IT,Summer 2021,None,"A3, A7"
38,Delhi,Arbunize digital media- Alternate career prediction(Delhi) ,IT,Summer 2021,None,"A3, A7"
39,Mumbai,Arcon Tech- Machine Learning(Mumbai) ,IT,Summer 2021,None,"A3, A7"
40,Pitoragarh,Army Base Workshop - App/AR/VR(Pitoragarh) ,Mechanical,Summer 2021,None,"A3, A7"
41,Pitoragarh,Army Base Workshop - Electrical Power Systems(Pitoragarh) ,Mechanical,Summer 2021,None,"A3, A7"
42,Pitoragarh,Army Base Workshop - Industrial Automation & Control(Pitoragarh) ,Mechanical,Summer 2021,None,"A3, A7"
43,Pitoragarh,Army Base Workshop - Machine Learning(Pitoragarh) ,Mechanical,Summer 2021,None,"A3, A7"
44,Gandhinagar,Arocom IT - Machine Learning(Gandhinagar ) ,IT,Summer 2021,None,"A3, A7"
45,Kolkata,Asanify Technologies- Business development(Kolkata) ,IT,Summer 2021,None,"A3, A7"
46,Kolkata,Asanify Technologies- Social media marketing(Kolkata) ,IT,Summer 2021,None,"A3, A7"
47,Chandrapur,Awarpur Cement Works-Chemical(Chandrapur) ,Cement,Summer 2021,None,"A3, A7"
48,Chandrapur,Awarpur Cement Works-Civil(Chandrapur) ,Cement,Summer 2021,None,"A3, A7"
49,Chandrapur,Awarpur Cement Works-Electrical & Electronics(Chandrapur) ,Cement,Summer 2021,None,"A3, A7"
50,Chandrapur,Awarpur Cement Works-Mechanical(Chandrapur) ,Cement,Summer 2021,None,"A3, A7"
51,Solan,Baga Cement Works-Chemical(Solan) ,Cement,Summer 2021,None,"A3, A7"
52,Solan,Baga Cement Works-Civil(Solan) ,Cement,Summer 2021,None,"A3, A7"
53,Solan,Baga Cement Works-Electrical & Electronics(Solan) ,Cement,Summer 2021,None,"A3, A7"
54,Solan,Baga Cement Works-Mechanical(Solan) ,Cement,Summer 2021,None,"A3, A7"
55,Budawada,Balaji Cement Works-Chemical(Budawada) ,Cement,Summer 2021,None,"A3, A7"
56,Budawada,Balaji Cement Works-Civil(Budawada) ,Cement,Summer 2021,None,"A3, A7"
57,Budawada,Balaji Cement Works-Electrical & Electronics(Budawada) ,Cement,Summer 2021,None,"A3, A7"
58,Budawada,Balaji Cement Works-Mechanical(Budawada) ,Cement,Summer 2021,None,"A3, A7"
59,Jaypee,Puram Bela- MP Bela Cement Works-Electrical & Electronics(Jaypee Puram Bela- MP) ,Cement,Summer 2021,None,"A3, A7"
60,Jaypee,Puram Bela- MP Bela Cement Works-Mechanical(Jaypee Puram Bela- MP) ,Cement,Summer 2021,None,"A3, A7"
61,Chennai,Belief Systems - General Management(Chennai) Finance and ,Mgmt,Summer 2021,None,"A3, A7"
62,Gurgaon,Beunlu - Graphic Designing(Gurgaon) Finance and ,Mgmt,Summer 2021,None,"A3, A7"
63,Gurgaon,Beunlu - Sales and Marketing(Gurgaon) Finance and ,Mgmt,Summer 2021,None,"A3, A7"
64,Gurgaon,BeUnlu Private Limited - App/AR/VR(Gurgaon) Finance and ,Mgmt,Summer 2021,None,"A3, A7"
65,Gurgaon,Beunlu- Video editing(Gurgaon) Finance and ,Mgmt,Summer 2021,None,"A3, A7"
66,Bangalore,Bharat Electronics Limited(Bangalore) ,IT,Summer 2021,None,"A3, A7"
67,Gandhinagar,Bhaskaracharya Institute For Space Applications And Geoinformatic - Embedded Systems/IoT(Gandhinagar ) ,Electronics,Summer 2021,None,"A3, A7"
68,Surat,Big Scale tech- Mobile and Web Developemet(Surat ) ,IT,Summer 2021,None,"A3, A7"
69,Hyderabad,Bintix Waste Research Private Limited - Tech-Software Development(Hyderabad ) ,IT,Summer 2021,None,"A3, A7"
70,Hyderabad,Bintix Waste Research Private Limited-Data Analytics(Hyderabad ) Finance and ,Mgmt,Summer 2021,None,"A3, A7"
71,Harihar,Birla Polyfibers-Chemical(Harihar) ,Chemical,Summer 2021,None,"A3, A7"
72,Harihar,Birla Polyfibers-Mechanical(Harihar) ,Chemical,Summer 2021,None,"A3, A7"
73,Jodhpur,Birla White Cement - Civil(Jodhpur) ,Cement,Summer 2021,None,"A3, A7"
74,Jodhpur,Birla White Cement-Chemical(Jodhpur) ,Cement,Summer 2021,None,"A3, A7"
75,Jodhpur,Birla White Cement-Mechanical(Jodhpur) ,Cement,Summer 2021,None,"A3, A7"
76,Gandhinagar,BISAG-Software Development(Gandhinagar ) ,Electronics,Summer 2021,None,"A3, A7"
77,Ogli,Blue star Limited-Mechanical (Air conditining and commercial refrigeration)(Ogli) ,Mechanical,Summer 2021,None,"A3, A7"
78,Coimbatore,Caliber Interconnect Solutions Pvt Ltd-Industrial Automation & Control(Coimbatore) ,Electronics,Summer 2021,None,"A3, A7"
79,Chennai,Carborundum universal Limited-Mechanical(Chennai) ,Mechanical,Summer 2021,None,"A3, A7"
80,Mumbai,Cateina Technologies Pvt. Ltd.(Mumbai) ,IT,Summer 2021,None,"A3, A7"
81,New,delhi CCS STRATEGY SOLUTION - FLEXSIM(New delhi) ,Mechanical,Summer 2021,None,"A3, A7"
82,Pune,CDAC- Web Deveopment(Pune) ,IT,Summer 2021,None,"A3, A7"
83,Pilani,CEERI Pilani - App/AR/VR(Pilani) ,Electronics,Summer 2021,None,"A3, A7"
84,Pilani,CEERI Pilani - Embedded Systems/IoT(Pilani) ,Electronics,Summer 2021,None,"A3, A7"
85,Pilani,CEERI Pilani - Industrial Automation and Control (Pilani) ,Electronics,Summer 2021,None,"A3, A7"
86,Pilani,CEERI Pilani - Machine Learning/DSP/AI(Pilani) ,Electronics,Summer 2021,None,"A3, A7"
87,Pilani,CEERI Pilani - VLSI Design/Circuit Design(Pilani) ,Electronics,Summer 2021,None,"A3, A7"
88,Jaipur,Celebal Technologies Pvt Ltd (Jaipur) Computer ,Science,Summer 2021,None,"A3, A7"
89,Chennai,Central Leather Research Institute-Chemical (Unit process & operation)(Chennai) Govt Research ,Lab,Summer 2021,None,"A3, A7"
90,Chennai,Central Leather Research Institute-Chemical(Energy Management)(Chennai) Govt Research ,Lab,Summer 2021,None,"A3, A7"
91,Chennai,Central Leather Research Institute-Electronics(Chennai) Govt Research ,Lab,Summer 2021,None,"A3, A7"
92,Chennai,Central Leather Research Institute-Mechanical(Chennai) Govt Research ,Lab,Summer 2021,None,"A3, A7"
93,Chennai,Central Scientific Instruments Organization - Industrial Automation & Control(Chennai) ,Electronics,Summer 2021,None,"A3, A7"
94,Pune,Centre for Development of Advanced computing (C-DAC)(Pune) Computer ,Science,Summer 2021,None,"A3, A7"
95,New,delhi Centre for Development of Telemetics (CDot)(New delhi) Computer ,Science,Summer 2021,None,"A3, A7"
96,New,delhi Centre for Railway Information Systems(New delhi) Computer ,Science,Summer 2021,None,"A3, A7"
97,Mumbai,Century Rayon-Chemical(Mumbai) ,Chemical,Summer 2021,None,"A3, A7"
98,Mumbai,Century Rayon-Electrical & Electronics(Mumbai) ,Chemical,Summer 2021,None,"A3, A7"
99,Mumbai,Century Rayon-Mechanical(Mumbai) ,Chemical,Summer 2021,None,"A3, A7"
100,Jodhpur,Chemical & Mineral Industries Pvt Limited-Chemical (Unit process & operation)(Jodhpur) ,Chemical,Summer 2021,None,"A3, A7"
101,Jodhpur,Chemical & Mineral Industries Pvt Limited-Mechanical (Quick lime process)(Jodhpur) ,Chemical,Summer 2021,None,"A3, A7"
102,Jodhpur,Chemical & Mineral Industries Pvt Limited-Mechanical (Vertical lime kiln)(Jodhpur) ,Chemical,Summer 2021,None,"A3, A7"
103,Jodhpur,Chemical & Mineral Industries Pvt Limited-Mechanical(Calcite grinding)(Jodhpur) ,Chemical,Summer 2021,None,"A3, A7"
104,Pune,Chemsys Process Engineering Pvt Limited-Chemical (Unit process & operation)(Pune) ,Chemical,Summer 2021,None,"A3, A7"
105,Pune,Chemsys Process Engineering Pvt Limited_Chemical (Process improvement & utility calculations)(Pune) ,Chemical,Summer 2021,None,"A3, A7"
106,Pune,Chemsys Process Engineering Pvt Limited_Chemical (Process modeling & simulation)(Pune) ,Chemical,Summer 2021,None,"A3, A7"
107,Pune,Coditation Systems Pvt Ltd - Machine Learning(Pune) ,IT,Summer 2021,None,"A3, A7"
108,Pune,Coditation Systems Pvt Ltd - Software Development(Pune) ,IT,Summer 2021,None,"A3, A7"
109,Bengaluru,Coffee Beans- AI(Bengaluru ) ,IT,Summer 2021,None,"A3, A7"
110,New,delhi Computer Ware - Others(Wireless Hotspot Management)(New delhi) ,IT,Summer 2021,None,"A3, A7"
111,New,delhi Computer Ware -Others(ReportGeneration)(New delhi) ,IT,Summer 2021,None,"A3, A7"
112,Gurgaon,Concept Infracon Pvt. Limited(Gurgaon) ,Infrastructure,Summer 2021,None,"A3, A7"
113,Hyderabad,Contenterra Software Private Limited - Software Development(Hyderabad ) ,IT,Summer 2021,None,"A3, A7"
114,Hyderabad,Contenterra Software Private Limited-Analytics/IOT(Hyderabad ) ,IT,Summer 2021,None,"A3, A7"
115,Gurgaon,Convergent Technologies (Sequoia Fitness and Sports Technology Pvt Ltd) -Mobile App Development/Data Analytics(Gurgaon) ,IT,Summer 2021,None,"A3, A7"
116,Hyderabad,Core Compete pvt ltd- others ( data Engineering -ETLL)(Hyderabad ) ,IT,Summer 2021,None,"A3, A7"
117,Hyderabad,coreCompetepvt ltd- Web app development(Hyderabad ) ,IT,Summer 2021,None,"A3, A7"
118,Bangalore,COUTURE AI- Machine Learning/Deep Learning(Bangalore) ,IT,Summer 2021,None,"A3, A7"
119,Gurgaon,CrossBar-Content Creation(Gurgaon) Finance and ,Mgmt,Summer 2021,None,"A3, A7"
120,Gurgaon,CrossBar-Data Analytics(Gurgaon) Finance and ,Mgmt,Summer 2021,None,"A3, A7"
121,Gurgaon,CrossBar-DigitalMarketing(Gurgaon) Finance and ,Mgmt,Summer 2021,None,"A3, A7"
122,Gurgaon,CrossBar-Marketing(Gurgaon) Finance and ,Mgmt,Summer 2021,None,"A3, A7"
123,New,delhi CSIR-Institute of Genomics & Integrative Biology(New delhi) Health ,Care,Summer 2021,None,"A3, A7"
124,Pilani,CSIR-National Aerospace Laboratories - Machine Learning/DSP/AI(Pilani) ,Electronics,Summer 2021,None,"A3, A7"
125,Bengaluru,CSIR-National Aerospace Laboratories - VLSI Design/Circuit Design(Bengaluru ) ,Electronics,Summer 2021,None,"A3, A7"
126,Bangalore,Cuemath- Business development(Bangalore) ,IT,Summer 2021,None,"A3, A7"
127,Dalla,Dalla Cement Works-Chemical(Dalla) ,Cement,Summer 2021,None,"A3, A7"
128,Hyderabad,Data M Intelligence-Marketing Research(Hyderabad ) Finance and ,Mgmt,Summer 2021,None,"A3, A7"
129,Hyderabad,Department of Posts- Financial inclusion(Hyderabad ) Finance and ,Mgmt,Summer 2021,None,"A3, A7"
130,Mumbai,Development Consultants Pvt Ltd-Civil(Mumbai) ,Infrastructure,Summer 2021,None,"A3, A7"
131,Mumbai,Development Consultants Pvt Ltd-Mechanical (CEMA Std)(Mumbai) ,Infrastructure,Summer 2021,None,"A3, A7"
132,Mumbai,Development Consultants Pvt Ltd-Mechanical (IS 11592)(Mumbai) ,Infrastructure,Summer 2021,None,"A3, A7"
133,Hyderabad,Dinero - Full stack Mobile app development(Hyderabad ) ,IT,Summer 2021,None,"A3, A7"
134,Hyderabad,Dinero AI- Marketing(Hyderabad ) ,IT,Summer 2021,None,"A3, A7"
135,"Bhosari,","Pune Divgi TorqTransfer Systems Pvt. Ltd- Manufacturing(Bhosari, Pune ) ",Mechanical,Summer 2021,None,"A3, A7"
136,"Shivare,Pune","Divgi TorqTransfer Systems Pvt. Ltd-Manufacturing(Shivare,Pune) ",Mechanical,Summer 2021,None,"A3, A7"
137,Nashik,DomTech Robotics & Automation-Mechanical(Nashik) ,Mechanical,Summer 2021,None,"A3, A7"
138,Nashik,Domtech Robotics and Automation - Electrical Power Systems(Nashik) ,Electronics,Summer 2021,None,"A3, A7"
139,Nashik,Domtech Robotics and Automation - Embedded Systems/IoT(Nashik) ,Electronics,Summer 2021,None,"A3, A7"
140,Nashik,Domtech Robotics and Automation - VLSI design/Circuit Design(Nashik) ,Electronics,Summer 2021,None,"A3, A7"
141,Hyderabad,Dr.Reddy-Chemical(Hyderabad ) Health ,Care,Summer 2021,None,"A3, A7"
142,Hyderabad,Dr.Reddy-Pharmaceutical(Hyderabad ) Health ,Care,Summer 2021,None,"A3, A7"
143,Bhilwara,Dynamic Elecpower (P) Ltd - Electrical Power Systems(Bhilwara) ,Electronics,Summer 2021,None,"A3, A7"
144,Bhilwara,Dynamic Elecpower (P) Ltd - Industrial Control & Automation(Bhilwara) ,Electronics,Summer 2021,None,"A3, A7"
145,Udaipur,E connect - Non Development Projects(Udaipur) ,IT,Summer 2021,None,"A3, A7"
146,Udaipur,E-Connect Solutions Pvt. Ltd - Embedded Systems/IoT(Udaipur) ,Electronics,Summer 2021,None,"A3, A7"
147,Vadodara,Edutech Learning Solutions Pvt. Ltd. (Vadodara ) ,Electronics,Summer 2021,None,"A3, A7"
148,New,"delhi EFY Group,New Delhi - Embedded Systems / IoT(New delhi) ",Electronics,Summer 2021,None,"A3, A7"
149,Hyderabad,Electronics Corporation of India Limited - VLSI Design/Circuit Design(Hyderabad ) ,Electronics,Summer 2021,None,"A3, A7"
150,Bangalore,Electrono Solutions - App/AR/VR (Bangalore) ,Electronics,Summer 2021,None,"A3, A7"
151,Bangalore,Electrono Solutions - Electrical Power Systems (Bangalore) ,Electronics,Summer 2021,None,"A3, A7"
152,Bangalore,Electrono Solutions - Industrial Control & Automation(Bangalore) ,Electronics,Summer 2021,None,"A3, A7"
153,New,delhi Elixar Systems - APP Development(New delhi) Computer ,Science,Summer 2021,None,"A3, A7"
154,Gurugram,Engineers India Limited-Chemical(Gurugram ) ,Mechanical,Summer 2021,None,"A3, A7"
155,Gurugram,Engineers India Limited-Mechanical(Gurugram ) ,Mechanical,Summer 2021,None,"A3, A7"
156,New,Delhi EUPHEUS LEARNING(New Delhi) Computer ,Science,Summer 2021,None,"A3, A7"
157,Bangalore,Ewar Games- Market analysis(Bangalore) ,IT,Summer 2021,None,"A3, A7"
158,Mumbai,Expound Technivo Pvt Ltd Tech-Software Development(Mumbai) ,IT,Summer 2021,None,"A3, A7"
159,Mumbai,Expound Technivo- Strategy and BD(Mumbai) ,IT,Summer 2021,None,"A3, A7"
160,Gurgaon,Futures First Info Services Pvt. Ltd.- Content Development(Gurgaon) Finance and ,Mgmt,Summer 2021,None,"A3, A7"
161,Chandigarh,Gates India Pvt Ltd-Chemical(Chandigarh) ,Mechanical,Summer 2021,None,"A3, A7"
162,Chandigarh,Gates India Pvt Ltd-Mechanical/Manufacturing(Chandigarh) ,Mechanical,Summer 2021,None,"A3, A7"
163,New,Delhi Give India - Social Sector(New Delhi) Finance and ,Mgmt,Summer 2021,None,"A3, A7"
164,Hyderabad,GMR Varalakshmi- General Management(Hyderabad ) Finance and ,Mgmt,Summer 2021,None,"A3, A7"
165,Bangalore,Goavega-Data Analytics (ML)(Bangalore) ,IT,Summer 2021,None,"A3, A7"
166,Nagda,Grasim Industries Limited-Chemical (Unit process & operation)(Nagda) ,Chemical,Summer 2021,None,"A3, A7"
167,Nagda,Grasim Industries Limited-Mechanical (Energy Management)(Nagda) ,Chemical,Summer 2021,None,"A3, A7"
168,Nagda,Grasim Industries Limited-Mechanical (Safety and Enviornment)(Nagda) ,Chemical,Summer 2021,None,"A3, A7"
169,Indore,Greendeck Cliff.ai-Data Integration(Indore ) ,IT,Summer 2021,None,"A3, A7"
170,Indore,Greendeck Cliff.ai-Data Quality Insurance(Indore ) ,IT,Summer 2021,None,"A3, A7"
171,Indore,Greendeck Cliff.ai-Deep Learning(Indore ) ,IT,Summer 2021,None,"A3, A7"
172,Indore,Greendeck Cliff.ai-Full Stack Development(Indore ) ,IT,Summer 2021,None,"A3, A7"
173,Indore,Greendeck Cliff.ai-Machine Learning(Indore ) ,IT,Summer 2021,None,"A3, A7"
174,Indore,Greendeck- content writing(Indore ) ,IT,Summer 2021,None,"A3, A7"
175,Kovaya,Gujarat Cement-Chemical(Kovaya) ,Cement,Summer 2021,None,"A3, A7"
176,Kovaya,Gujarat Cement-Civil(Kovaya) ,Cement,Summer 2021,None,"A3, A7"
177,Kovaya,Gujarat Cement-Mechanical(Kovaya) ,Cement,Summer 2021,None,"A3, A7"
178,Bangalore,Habbit - Data Analytics(Bangalore) ,IT,Summer 2021,None,"A3, A7"
179,Bangalore,Habbit - Product Management(Bangalore) ,IT,Summer 2021,None,"A3, A7"
180,Bangalore,Habbit - Web Development(Bangalore) ,IT,Summer 2021,None,"A3, A7"
181,Bangalore,Habbit- Business development(Bangalore) ,IT,Summer 2021,None,"A3, A7"
182,Bangalore,Habbit- company valuation(Bangalore) ,IT,Summer 2021,None,"A3, A7"
183,Bangalore,Habbit- content writing(Bangalore) ,IT,Summer 2021,None,"A3, A7"
184,Bangalore,Habbit- market research(Bangalore) ,IT,Summer 2021,None,"A3, A7"
185,Bangalore,Habbit- video production(Bangalore) ,IT,Summer 2021,None,"A3, A7"
186,Bangalore,Happiest Minds Technologies(Bangalore) ,IT,Summer 2021,None,"A3, A7"
187,Goa,Helix Techin Info Systems Pvt.Ltd - Data Analytics(Goa) ,IT,Summer 2021,None,"A3, A7"
188,Goa,Helix Techin Info Systems Pvt.Ltd - Machine Learning/NLP(Goa) ,IT,Summer 2021,None,"A3, A7"
189,Goa,"Helpage India, Goa-Data Analytics(Goa) Finance and ",Mgmt,Summer 2021,None,"A3, A7"
190,Bangalore,Heraizen Technologies Pvt. Ltd - Web Development(Bangalore) ,IT,Summer 2021,None,"A3, A7"
191,Chennai,"Hertztech Solutions Pvt Ltd., - AI/ML(Chennai) ",Mechanical,Summer 2021,None,"A3, A7"
192,Chennai,Hertztech Solutions Pvt Ltd.-Manufacturing(Chennai) ,Mechanical,Summer 2021,None,"A3, A7"
193,Chennai,Hexacorp - Cloud Services(Chennai) ,IT,Summer 2021,None,"A3, A7"
194,Chennai,Hexacorp - Full Stack Development(Chennai) ,IT,Summer 2021,None,"A3, A7"
195,Chennai,Hexacorp - Product Engineering(Chennai) ,IT,Summer 2021,None,"A3, A7"
196,Hyderabad,Hexagon Capability Center India Pvt. Ltd - Machine Learning(Hyderabad ) ,IT,Summer 2021,None,"A3, A7"
197,Pune,Hexanika-Mechanical(Pune) ,Mechanical,Summer 2021,None,"A3, A7"
198,Mumbai,Hindustan Colas-Civil(Mumbai) ,Infrastructure,Summer 2021,None,"A3, A7"
199,Simga,Hirmi Cement Works-Chemical(Simga) ,Cement,Summer 2021,None,"A3, A7"
200,Simga,Hirmi Cement Works-Civil(Simga) ,Cement,Summer 2021,None,"A3, A7"
201,Simga,Hirmi Cement Works-Mechanical(Simga) ,Cement,Summer 2021,None,"A3, A7"
202,Mumbai,Homi Bhabha Centre For Science Education - IoT - Web Development(Mumbai) ,IT,Summer 2021,None,"A3, A7"
203,Noida,Hyphen Supply Chain Solutions Pvt Ltd - Application Development(Noida) ,IT,Summer 2021,None,"A3, A7"
204,Noida,Hyphen Supply Chain Solutions Pvt Ltd - Coding(Noida) Computer ,Science,Summer 2021,None,"A3, A7"
205,Noida,Hyphen Supply Chain Solutions Pvt Ltd - Financial analysis(Noida) Finance and ,Mgmt,Summer 2021,None,"A3, A7"
206,Noida,Hyphen Supply Chain Solutions Pvt Ltd - Social Media(Noida) Finance and ,Mgmt,Summer 2021,None,"A3, A7"
207,Mexico,"I Care Foundation,Mexico-Fundraising(Mexico) Finance and ",Mgmt,Summer 2021,None,"A3, A7"
208,Mexico,"I Care Foundation,Mexico-Marketing(Mexico) Finance and ",Mgmt,Summer 2021,None,"A3, A7"
209,Mexico,"I Care Foundation,Mexico-Marketing for Products with cause(Mexico) Finance and ",Mgmt,Summer 2021,None,"A3, A7"
210,Mexico,"I Care Foundation,Mexico-Sustainability Projects(Mexico) Finance and ",Mgmt,Summer 2021,None,"A3, A7"
211,Bangalore,i-exceed technology solutions private limited(Bangalore) ,IT,Summer 2021,None,"A3, A7"
212,Mexico,"Icare Foundation NONTECHI Care Foundation,Mexico - Social and environmental analysis(Mexico) Finance and ",Mgmt,Summer 2021,None,"A3, A7"
213,Mexico,Icare Foundation- Digital initatives(Mexico) Finance and ,Mgmt,Summer 2021,None,"A3, A7"
214,Mexico,Icare Foundation- Project tracker(Mexico) Finance and ,Mgmt,Summer 2021,None,"A3, A7"
215,Mohali,IDS Infotech Ltd - Data Science(Mohali ) ,IT,Summer 2021,None,"A3, A7"
216,Noida,IMARC Services Pvt. Ltd. - IT(Noida) Finance and ,Mgmt,Summer 2021,None,"A3, A7"
217,Noida,IMARC Services-Market Reasearch(Noida) Finance and ,Mgmt,Summer 2021,None,"A3, A7"
218,Hyderabad,Incozen Therapeutics Pvt. Ltd.(Hyderabad) Health ,Care,Summer 2021,None,"A3, A7"
219,Hyderabad,India Buys - IT(Hyderabad) Finance and ,Mgmt,Summer 2021,None,"A3, A7"
220,Hyderabad,India Buys-Marketing(Hyderabad ) Finance and ,Mgmt,Summer 2021,None,"A3, A7"
221,New,delhi Indian Council for Research on International Economic Relations - Electric Mobility Work Program(New delhi) Finance and ,Mgmt,Summer 2021,None,"A3, A7"
222,New,Delhi Indian Council for Research on International Economic Relations - Price forecasting of agricultural commodities(New Delhi) Finance and ,Mgmt,Summer 2021,None,"A3, A7"
223,New,delhi Indian Council for Research on International Economic Relations- Climate change(New delhi) Finance and ,Mgmt,Summer 2021,None,"A3, A7"
224,Dehradun,Indian Institute of Petroleum-Chemical (Enviornment Engg)(Dehradun) ,Chemical,Summer 2021,None,"A3, A7"
225,Dehradun,Indian Institute of Petroleum-Chemical (Unit process & operation)(Dehradun) ,Chemical,Summer 2021,None,"A3, A7"
226,Dehradun,Indian Institute of Petroleum-Mechanical (Energy Management)(Dehradun) ,Chemical,Summer 2021,None,"A3, A7"
227,New,delhi Indian Institute of Public Administration - Secondary Research(New delhi) Finance and ,Mgmt,Summer 2021,None,"A3, A7"
228,Dehradun,Indian Institute Of Remote Sensing - Machine Learning/DSP/AI(Dehradun) Computer ,Science,Summer 2021,None,"A3, A7"
229,New,delhi Indian Oil Corporation Limited-Chemical(New delhi) ,Mechanical,Summer 2021,None,"A3, A7"
230,New,delhi Indian Oil Corporation Limited-Mechanical(New delhi) ,Mechanical,Summer 2021,None,"A3, A7"
231,Hyderabad,Indian Red Cross Society(Hyderabad) Finance and ,Mgmt,Summer 2021,None,"A3, A7"
232,Vijayawada,Indian Red Cross Society - Operations- General Management(Vijayawada) Finance and ,Mgmt,Summer 2021,None,"A3, A7"
233,New,delhi Indian Red Cross Society Blood Bank - App/AR/VR(New delhi) Finance and ,Mgmt,Summer 2021,None,"A3, A7"
234,New,delhi Indian Red Cross Society Blood Bank - Social Sector(New delhi) Finance and ,Mgmt,Summer 2021,None,"A3, A7"
235,Chennai,Indian Society for Education and Environment (Chennai) ,Electronics,Summer 2021,None,"A3, A7"
236,Kalpakkam,Indira Gandhi Centre for Atomic Research (IGCAR)(Kalpakkam) Govt Research ,Lab,Summer 2021,None,"A3, A7"
237,Bangalore,Ineuron Intelligence - Artificial Intelligence(Bangalore) ,IT,Summer 2021,None,"A3, A7"
238,Gurgaon,Instrumentation Solution - Civil(Gurgaon) ,Infrastructure,Summer 2021,None,"A3, A7"
239,New,delhi Integra Design-Online - Application Migration(New delhi) ,IT,Summer 2021,None,"A3, A7"
240,New,delhi Integra Design-Online - Real Time Analytics(New delhi) ,IT,Summer 2021,None,"A3, A7"
241,Mumbai,Intercontinental Consultants & Technocrats Pvt. Ltd.(ICT)-Civil(Mumbai) ,Infrastructure,Summer 2021,None,"A3, A7"
242,New,delhi IRCS Delhi General Management(New delhi) Finance and ,Mgmt,Summer 2021,None,"A3, A7"
243,New,delhi IRCS Delhi wireframe design(New delhi) Finance and ,Mgmt,Summer 2021,None,"A3, A7"
244,Hyderabad,IRCS Hyderabad General Management(Hyderabad ) Finance and ,Mgmt,Summer 2021,None,"A3, A7"
245,Chennai,ISEE- Literature Research(Chennai) ,Electronics,Summer 2021,None,"A3, A7"
246,Jaipur,IT Department - Government of Rajasthan - Internet of Things(Jaipur) ,IT,Summer 2021,None,"A3, A7"
247,Jaipur,IT Department - Government of Rajasthan - Mobile Application Development(Jaipur) ,IT,Summer 2021,None,"A3, A7"
248,Jaipur,IT Department - Government of Rajasthan - Web Development(Jaipur) ,IT,Summer 2021,None,"A3, A7"
249,Vijayanagar,Jsw Energy-Chemical(Vijayanagar ) ,Mechanical,Summer 2021,None,"A3, A7"
250,Vijayanagar,Jsw Energy-Mechanical(Vijayanagar ) ,Mechanical,Summer 2021,None,"A3, A7"
251,Vijayanagar,JSW Steel-Chemical(Vijayanagar ) ,Steel,Summer 2021,None,"A3, A7"
252,Vijayanagar,JSW Steel-Mechanical(Vijayanagar ) ,Steel,Summer 2021,None,"A3, A7"
253,Jaipur,KEC International Ltd-Civil(Jaipur) ,Infrastructure,Summer 2021,None,"A3, A7"
254,Trivandrum,Kerala Infrastructure and Technogy for Education(Trivandrum) ,Others,Summer 2021,None,"A3, A7"
255,Nagpur,Kizora Software Pvt. Ltd - App/AR/VR(Nagpur) ,Electronics,Summer 2021,None,"A3, A7"
256,Pune,Knowzies Technology Solutions-Mechanical(Pune) ,Mechanical,Summer 2021,None,"A3, A7"
257,Mumbai,Kotak Education Foundation Tech - Web Development(Mumbai) ,IT,Summer 2021,None,"A3, A7"
258,Mumbai,Kotak education- content writing(Mumbai) Finance and ,Mgmt,Summer 2021,None,"A3, A7"
259,Mumbai,Kotak education- dashboard development(Mumbai) Finance and ,Mgmt,Summer 2021,None,"A3, A7"
260,Mumbai,Kotak Education- infographics and video based content(Mumbai) Finance and ,Mgmt,Summer 2021,None,"A3, A7"
261,Mumbai,Kotak education- performance monitoring & evaluation(Mumbai) Finance and ,Mgmt,Summer 2021,None,"A3, A7"
262,Mumbai,Kotak education- Portfolio analysis(Mumbai) Finance and ,Mgmt,Summer 2021,None,"A3, A7"
263,Mumbai,L & T Infotech - Business Intelligence(Mumbai) ,IT,Summer 2021,None,"A3, A7"
264,Mumbai,L & T Infotech - Data Analytics(Mumbai) ,IT,Summer 2021,None,"A3, A7"
265,Mumbai,L & T Infotech - Machine Learning(Mumbai) ,IT,Summer 2021,None,"A3, A7"
266,Mumbai,L & T Infotech - Others(Mumbai) ,IT,Summer 2021,None,"A3, A7"
267,Mumbai,L & T Infotech - Research(Mumbai) ,IT,Summer 2021,None,"A3, A7"
268,Mumbai,L & T Infotech - Web Development(Mumbai) ,IT,Summer 2021,None,"A3, A7"
269,Mumbai,L&T Infotech- Academy and training(Mumbai) ,IT,Summer 2021,None,"A3, A7"
270,Mumbai,L&T Infotech- Business Development(Mumbai) ,IT,Summer 2021,None,"A3, A7"
271,Mumbai,L&T Infotech- Presales(Mumbai) ,IT,Summer 2021,None,"A3, A7"
272,Mumbai,L&T Infotech- Research and study on IIOT(Mumbai) ,IT,Summer 2021,None,"A3, A7"
273,Delhi,Lakshyam NGO-General Management(Delhi) Finance and ,Mgmt,Summer 2021,None,"A3, A7"
274,Mumbai,Learning Mate Solution-Data Analytics on Higehr education(Mumbai) Finance and ,Mgmt,Summer 2021,None,"A3, A7"
275,Mumbai,Learning Mate- Content Architecture(Mumbai) Finance and ,Mgmt,Summer 2021,None,"A3, A7"
276,Mumbai,Learning Mate- Data Insights for higher education(Mumbai) Finance and ,Mgmt,Summer 2021,None,"A3, A7"
277,Mumbai,Learning Mate- Data Insights on K-12(Mumbai) Finance and ,Mgmt,Summer 2021,None,"A3, A7"
278,Hyderabad,LightSpeed AI Labs Pvt Ltd - Industrial Automation & Control(Hyderabad ) Computer ,Science,Summer 2021,None,"A3, A7"
279,Hyderabad,LightSpeed AI Labs Pvt Ltd - Machine Learning/DSP/AI(Hyderabad ) Computer ,Science,Summer 2021,None,"A3, A7"
280,Bangalore,LOGIQ LABS Pvt Ltd - Machine Learning/DSP/AI(Bangalore) Computer ,Science,Summer 2021,None,"A3, A7"
281,Bangalore,LogiQLabs-Data analytics(Bangalore) ,IT,Summer 2021,None,"A3, A7"
282,Kolkata,Love Without Boundaries Foundation- General Management(Kolkata) Finance and ,Mgmt,Summer 2021,None,"A3, A7"
283,Chennai,Madras Mindworks Pvt Ltd - App/AR/VR(Chennai) Computer ,Science,Summer 2021,None,"A3, A7"
284,Chennai,Madras Mindworks Pvt Ltd -Electronics(Chennai) ,Electronics,Summer 2021,None,"A3, A7"
285,Chennai,Madras Mindworks Pvt Ltd -Mechanical(Chennai) ,Mechanical,Summer 2021,None,"A3, A7"
286,Mumbai,MagTapp Technologies- Web development(Mumbai) ,IT,Summer 2021,None,"A3, A7"
287,Mumbai,Magtapp- content development(Mumbai) ,IT,Summer 2021,None,"A3, A7"
288,Mumbai,Magtapp- Digital marketing(Mumbai) ,IT,Summer 2021,None,"A3, A7"
289,Goa,Maker&apos;s Asylum-Mechanical(Goa) ,Mechanical,Summer 2021,None,"A3, A7"
290,Mapusa,Makera- Sales & Marketing(Mapusa ) ,Mechanical,Summer 2021,None,"A3, A7"
291,Nagpur,Malhar Industries- CRM and HR Automation(Nagpur) ,Mechanical,Summer 2021,None,"A3, A7"
292,Chandrapur,Manikgarh Cement-Chemical(Chandrapur) ,Cement,Summer 2021,None,"A3, A7"
293,Chandrapur,Manikgarh cement-Electrical & Electronics(Chandrapur) ,Cement,Summer 2021,None,"A3, A7"
294,Chandrapur,Manikgarh Cement-Mechanical(Chandrapur) ,Cement,Summer 2021,None,"A3, A7"
295,Bangalore,MapmyIndia- Marketing(Bangalore) ,IT,Summer 2021,None,"A3, A7"
296,Chennai,Mazo solutions- Analytics(Chennai) ,IT,Summer 2021,None,"A3, A7"
297,Pune,Medcords- Business Analysis(Pune) Finance and ,Mgmt,Summer 2021,None,"A3, A7"
298,Pune,Medcords- content writing(Pune) Finance and ,Mgmt,Summer 2021,None,"A3, A7"
299,Pune,Medcords- Digital marketing(Pune) Finance and ,Mgmt,Summer 2021,None,"A3, A7"
300,Pune,Medcords- Graphic designing(Pune) Finance and ,Mgmt,Summer 2021,None,"A3, A7"
301,Pune,Medcords- Quality Analysis(Pune) Finance and ,Mgmt,Summer 2021,None,"A3, A7"
302,Pune,Medcords- Research in finance(Pune) Finance and ,Mgmt,Summer 2021,None,"A3, A7"
303,Faridabad,Medsupervision Pvt. Ltd - App/AR/VR(Faridabad) Computer ,Science,Summer 2021,None,"A3, A7"
304,Faridabad,Medsupervision- Digital marketing(Faridabad) ,IT,Summer 2021,None,"A3, A7"
305,Faridabad,Medsupervision-Mobile Appl Development(Faridabad) ,IT,Summer 2021,None,"A3, A7"
306,Chennai,MELSS - Industrial Automation & Control(Chennai) ,Electronics,Summer 2021,None,"A3, A7"
307,Noida,Million Sparks Foundation -social media Marketing(Noida) Finance and ,Mgmt,Summer 2021,None,"A3, A7"
308,Noida,Million Sparks Foundation content creation(Noida) Finance and ,Mgmt,Summer 2021,None,"A3, A7"
309,Chennai,MSys Technologies- General Management(Chennai) Finance and ,Mgmt,Summer 2021,None,"A3, A7"
310,Tiruvallur,MTAB Engineers Pvt Ltd - Industrial Automation and Control (Tiruvallur) ,Electronics,Summer 2021,None,"A3, A7"
311,Tiruvallur,MTAB Engineers Pvt Ltd- Manufacturing(Tiruvallur) ,Mechanical,Summer 2021,None,"A3, A7"
312,New,delhi Multigraphics - Artificial Intelligence(New delhi) ,IT,Summer 2021,None,"A3, A7"
313,New,delhi Multigraphics - ERP(New delhi) ,IT,Summer 2021,None,"A3, A7"
314,New,delhi Multigraphics Group- Digital marketing(New delhi) ,IT,Summer 2021,None,"A3, A7"
315,New,delhi Multigraphics Group- Market Research(New delhi) ,IT,Summer 2021,None,"A3, A7"
316,New,delhi Multigraphics Group- Project management(New delhi) ,IT,Summer 2021,None,"A3, A7"
317,New,delhi Multigraphics Group- Student behavioral analysis(New delhi) ,IT,Summer 2021,None,"A3, A7"
318,Nandyal,Nandi Group ( Sujala Pipe Pvt. Ltd )-Chemical(Nandyal) ,Chemical,Summer 2021,None,"A3, A7"
319,Nandyal,Nandi Group ( Sujala Pipe Pvt. Ltd )-Civil(Nandyal) ,Chemical,Summer 2021,None,"A3, A7"
320,Nandyal,Nandi Group ( Sujala Pipe Pvt. Ltd )-Electronics & Instrumentation(Nandyal) ,Chemical,Summer 2021,None,"A3, A7"
321,Nandyal,Nandi Group ( Sujala Pipe Pvt. Ltd )-Manufacturing(Nandyal) ,Chemical,Summer 2021,None,"A3, A7"
322,Sirohi,Nathdwara Cement Works-Chemical(Sirohi) ,Cement,Summer 2021,None,"A3, A7"
323,Sirohi,Nathdwara Cement Works-Electrical & Electronics(Sirohi) ,Cement,Summer 2021,None,"A3, A7"
324,Sirohi,Nathdwara Cement Works-Mechanical(Sirohi) ,Cement,Summer 2021,None,"A3, A7"
325,Goa,"National Centre For Polar And Ocean Research- Data Analytics, Machine Learning(Goa) ",IT,Summer 2021,None,"A3, A7"
326,Pune,National Chemical Laboratory-Chemical (Bioinformatics)(Pune) Govt Research ,Lab,Summer 2021,None,"A3, A7"
327,Pune,National Chemical Laboratory-Chemical (Process modeling)(Pune) Govt Research ,Lab,Summer 2021,None,"A3, A7"
328,Pune,National Chemical Laboratory-Computer science(Pune) Govt Research ,Lab,Summer 2021,None,"A3, A7"
329,Hyderabad,National Informatics Center (NIC)(Hyderabad) Computer ,Science,Summer 2021,None,"A3, A7"
330,Goa,National Institute of Oceanography - Industrial Automation & Control(Goa) Computer ,Science,Summer 2021,None,"A3, A7"
331,Goa,National Institute of Oceanography -Embedded Systems/IoT(Goa) Computer ,Science,Summer 2021,None,"A3, A7"
332,Goa,National Institute of Oceanography -Machine Learning/DSP/AI(Goa) Computer ,Science,Summer 2021,None,"A3, A7"
333,Hyderabad,National Institute of Rural Development & Panchayati Raj - Civil Engineerin(Hyderabad ) Finance and ,Mgmt,Summer 2021,None,"A3, A7"
334,Hyderabad,National Institute of Rural Development & Panchayati Raj - IT(Hyderabad) Finance and ,Mgmt,Summer 2021,None,"A3, A7"
335,Ballabgarh,NCCBM-Chemical(Ballabgarh) ,Infrastructure,Summer 2021,None,"A3, A7"
336,Ballabgarh,NCCBM-Civil(Ballabgarh) ,Infrastructure,Summer 2021,None,"A3, A7"
337,Ballabgarh,NCCBM-EEE/E&I/E&C(Ballabgarh) ,Infrastructure,Summer 2021,None,"A3, A7"
338,Ballabgarh,NCCBM-Mechanical(Ballabgarh) ,Infrastructure,Summer 2021,None,"A3, A7"
339,Bangalore,Needl.ai- Data Analytics(Bangalore) ,IT,Summer 2021,None,"A3, A7"
340,Hyderabad,NIC- Mobile App development(Hyderabad ) ,IT,Summer 2021,None,"A3, A7"
341,Hyderabad,NIC- Public Distribution System Operations(Hyderabad ) ,IT,Summer 2021,None,"A3, A7"
342,Hyderabad,NIC-Web development(Hyderabad ) ,IT,Summer 2021,None,"A3, A7"
343,Bangalore,Nihon Communication Solutions Pvt. Ltd - Embebdded Systems/IoT(Bangalore) ,Electronics,Summer 2021,None,"A3, A7"
344,Chennai,Nippon Paint-Mechanical(Chennai) ,Mechanical,Summer 2021,None,"A3, A7"
345,Hyderabad,NIRDPM- Analytics and IT Management(Hyderabad ) Finance and ,Mgmt,Summer 2021,None,"A3, A7"
346,Hyderabad,NIRDPM- Civil(Hyderabad ) Finance and ,Mgmt,Summer 2021,None,"A3, A7"
347,Bangalore,NIVEA India Pvt.Ltd.-Operations Management(Bangalore) Finance and ,Mgmt,Summer 2021,None,"A3, A7"
348,Umiam,North Eastern Space - Compiler Design/Geo Processing/Machine Learning(Umiam ) ,IT,Summer 2021,None,"A3, A7"
349,Umiam,North Eastern Space - Deep Learning/Machine Learning(Umiam ) ,IT,Summer 2021,None,"A3, A7"
350,Umiam,North Eastern Space - Software Development(Umiam ) ,IT,Summer 2021,None,"A3, A7"
351,Dadri,NTPC-Chemical(Dadri) ,Mechanical,Summer 2021,None,"A3, A7"
352,Dadri,NTPC-Mechanical(Dadri) ,Mechanical,Summer 2021,None,"A3, A7"
353,Goa,"Persistent Systems Ltd.,Verna - Machine Learning(Goa) ",IT,Summer 2021,None,"A3, A7"
354,Pilani,Pilani AtmaNirbhar Resource Center (PARC)- Communication(Pilani) Finance and ,Mgmt,Summer 2021,None,"A3, A7"
355,Pilani,Pilani AtmaNirbhar Resource Center (PARC)- Digital Literacy(Pilani) Finance and ,Mgmt,Summer 2021,None,"A3, A7"
356,Pilani,Pilani AtmaNirbhar Resource Center (PARC)- Photography(Pilani) Finance and ,Mgmt,Summer 2021,None,"A3, A7"
357,Pilani,Pilani AtmaNirbhar Resource Center (PARC)- Spatial mapping(Pilani) Finance and ,Mgmt,Summer 2021,None,"A3, A7"
358,Chennai,Pipe Candy -Business Analytics(Chennai) Finance and ,Mgmt,Summer 2021,None,"A3, A7"
359,Chennai,Pipe Candy -Industrial Research(Chennai) Finance and ,Mgmt,Summer 2021,None,"A3, A7"
360,Chennai,Pipe Candy -Marketing(Chennai) Finance and ,Mgmt,Summer 2021,None,"A3, A7"
361,Bangalore,Plastic water lab-Electronics(Bangalore) ,Mechanical,Summer 2021,None,"A3, A7"
362,Bangalore,Plastic water lab-Mechanical(Bangalore) ,Mechanical,Summer 2021,None,"A3, A7"
363,Bangalore,Plastic Water Labs - Actuators and Sensors in IoT(Bangalore) ,Mechanical,Summer 2021,None,"A3, A7"
364,Bangalore,Platifi Solutions - Full Stack Development(Bangalore) ,IT,Summer 2021,None,"A3, A7"
365,Nagpur,Power Grid Corporation - Electrical Power Systems(Nagpur) ,Electronics,Summer 2021,None,"A3, A7"
366,Bilaspur,Prakriti Organics - Website Upgradation or enhancement(Bilaspur ) Finance and ,Mgmt,Summer 2021,None,"A3, A7"
367,Mumbai,Prama Instruments Private Limited - Industrial Control & Automation(Mumbai) ,Electronics,Summer 2021,None,"A3, A7"
368,Chennai,PreludeSys- analysis of helpdesk tickets(Chennai) ,IT,Summer 2021,None,"A3, A7"
369,Chennai,Preludesys- Data Analytics(Chennai) ,IT,Summer 2021,None,"A3, A7"
370,Chennai,PreludeSys- IT helpdesk analysis(Chennai) ,IT,Summer 2021,None,"A3, A7"
371,Chennai,PreludeSys- marketing and inside sales analytics(Chennai) ,IT,Summer 2021,None,"A3, A7"
372,Chennai,PreludeSys- People analytics dashboard(Chennai) ,IT,Summer 2021,None,"A3, A7"
373,Chennai,PreludeSys- Presales data analytics(Chennai) ,IT,Summer 2021,None,"A3, A7"
374,Hyderabad,Preto Tooling Systems-Mechanical(Hyderabad ) ,Mechanical,Summer 2021,None,"A3, A7"
375,Pune,Proindia Healthcare LLP- Business Development(Pune) Finance and ,Mgmt,Summer 2021,None,"A3, A7"
376,Pune,Proindia Healthcare LLP- Website enhancement(Pune) Finance and ,Mgmt,Summer 2021,None,"A3, A7"
377,Chennai,Purchasing Power - Web Development/UI Development(Chennai) ,IT,Summer 2021,None,"A3, A7"
378,Udaipur,Pyrotech Electronics Pvt. Ltd - Embedded Systems/IoT(Udaipur) ,Electronics,Summer 2021,None,"A3, A7"
379,Udaipur,Pyrotech Electronics Pvt. Ltd - Industrial Automation & Control(Udaipur) ,Electronics,Summer 2021,None,"A3, A7"
380,Bangalore,Race2Cloud Technologies - Software Development(Bangalore) ,IT,Summer 2021,None,"A3, A7"
381,Bangalore,Race2Cloud Technologies Pvt. Ltd. - Apps on Zoho Creator(Bangalore) Computer ,Science,Summer 2021,None,"A3, A7"
382,Malkhed,Rajshree Cement-Chemical(Malkhed) ,Cement,Summer 2021,None,"A3, A7"
383,Malkhed,Rajshree Cement-Civil(Malkhed) ,Cement,Summer 2021,None,"A3, A7"
384,Malkhed,Rajshree Cement-Electrical & Electronics(Malkhed) ,Cement,Summer 2021,None,"A3, A7"
385,Malkhed,Rajshree Cement-Mechanical(Malkhed) ,Cement,Summer 2021,None,"A3, A7"
386,Faridabad,Ramco Steels Pvt. Ltd- Manufacturing(Faridabad) ,Steel,Summer 2021,None,"A3, A7"
387,Bangalore,Rashiv Cloud Solutions- Social media and research(Bangalore) ,IT,Summer 2021,None,"A3, A7"
388,raipur,Rawan Cement Works-Chemical(raipur) ,Cement,Summer 2021,None,"A3, A7"
389,raipur,Rawan Cement Works-Civil(raipur) ,Cement,Summer 2021,None,"A3, A7"
390,raipur,Rawan Cement Works-Electrical & Electronics(raipur) ,Cement,Summer 2021,None,"A3, A7"
391,raipur,Rawan Cement Works-Mechanical(raipur) ,Cement,Summer 2021,None,"A3, A7"
392,Mumbai,Rebus Research - Web Development(Mumbai) ,IT,Summer 2021,None,"A3, A7"
393,Mumbai,Rebus Research Financial Services(Stratzy) - Business development(Mumbai) Finance and ,Mgmt,Summer 2021,None,"A3, A7"
394,Mumbai,Rebus Research Financial Services(Stratzy) - Marketing(Mumbai) Finance and ,Mgmt,Summer 2021,None,"A3, A7"
395,Jodhpur,Regional Remote Sensing Centre(Jodhpur) Computer ,Science,Summer 2021,None,"A3, A7"
396,Pune,Renu Electronics Pvt Ltd(Pune) ,Electronics,Summer 2021,None,"A3, A7"
397,Hyderabad,Roads and Buildings Department - Govt of Telangana(Hyderabad ) ,Infrastructure,Summer 2021,None,"A3, A7"
398,Rourkela,Rourkela Steel Plant-Chemical(Rourkela ) ,Steel,Summer 2021,None,"A3, A7"
399,Rourkela,Rourkela Steel Plant-Civil(Rourkela ) ,Steel,Summer 2021,None,"A3, A7"
400,Rourkela,Rourkela Steel Plant-EEE/Instrumentation/communication(Rourkela ) ,Steel,Summer 2021,None,"A3, A7"
401,Rourkela,Rourkela Steel Plant-Mechanical(Rourkela ) ,Steel,Summer 2021,None,"A3, A7"
402,Delhi,SAMIL- Car Trade exchange business(Delhi) Finance and ,Mgmt,Summer 2021,None,"A3, A7"
403,Delhi,SAMIL- Finance(Delhi) Finance and ,Mgmt,Summer 2021,None,"A3, A7"
404,Delhi,SAMIL- Market Research(Delhi) Finance and ,Mgmt,Summer 2021,None,"A3, A7"
405,Delhi,SAMIL- Vehicle recommendation system(Delhi) Finance and ,Mgmt,Summer 2021,None,"A3, A7"
406,Bangalore,Sawolabs Technologies - Software Development(Bangalore) ,IT,Summer 2021,None,"A3, A7"
407,Bangalore,Sawolabs Technologies- Market research(Bangalore) ,IT,Summer 2021,None,"A3, A7"
408,Bangalore,Sawolabs- Developer Advocacy(Bangalore) ,IT,Summer 2021,None,"A3, A7"
409,Chennai,ScoVelo Consulting - App/AR/VR(Chennai) Finance and ,Mgmt,Summer 2021,None,"A3, A7"
410,Mohali,Semi- conductor laboratoty - VLSI Design/Circuit Design(Mohali ) ,Electronics,Summer 2021,None,"A3, A7"
411,Delhi,SenRa Tech Pvt Ltd - Embedded Systems/IoT(Delhi) ,Electronics,Summer 2021,None,"A3, A7"
412,Pune,Shalaka Connected Devices LLP - App/AR/VR(Pune) ,Electronics,Summer 2021,None,"A3, A7"
413,Pune,Shalaka Connected Devices LLP - Embedded Systems/IoT(Pune) ,Electronics,Summer 2021,None,"A3, A7"
414,Pune,Shalaka Connected Devices-Mechanical/Manufacturing(Pune) ,Mechanical,Summer 2021,None,"A3, A7"
415,Vadodara,SharedPro Technologies- Community Building(Vadodara ) ,IT,Summer 2021,None,"A3, A7"
416,Bangalore,Shell Group (HSSE) - Civil (Bangalore) ,Infrastructure,Summer 2021,None,"A3, A7"
417,Sidhi,(MP) Sidhi Cement Works-Chemical(Sidhi (MP)) ,Cement,Summer 2021,None,"A3, A7"
418,Sidhi,(MP) Sidhi Cement Works-Civil(Sidhi (MP)) ,Cement,Summer 2021,None,"A3, A7"
419,Sidhi,(MP) Sidhi Cement Works-Electrical & Electronics(Sidhi (MP)) ,Cement,Summer 2021,None,"A3, A7"
420,Sidhi,(MP) Sidhi Cement Works-Mechanical(Sidhi (MP)) ,Cement,Summer 2021,None,"A3, A7"
421,Ahmedabad,Silver Touch Technologies Ltd(Ahmedabad ) Computer ,Science,Summer 2021,None,"A3, A7"
422,Goa,Smartlink Holdings Ltd ( Digisol Systems Ltd )(Goa) Computer ,Science,Summer 2021,None,"A3, A7"
423,Pune,SNS TECHNOSYS LLP - Embedded Systems/IoT(Pune) ,Electronics,Summer 2021,None,"A3, A7"
424,Delhi,Solar Energy Corporation of India-Civi(Delhi) ,Infrastructure,Summer 2021,None,"A3, A7"
425,Delhi,Solar Energy Corporation of India-Mechanical(Delhi) ,Mechanical,Summer 2021,None,"A3, A7"
426,Pune,STAR Engineers India - Embedded Systems/IoT(Pune) ,Electronics,Summer 2021,None,"A3, A7"
427,Usa,STEM4ALL-Mathematics(Usa) Finance and ,Mgmt,Summer 2021,None,"A3, A7"
428,Vadodara,Sud-Chemie India Pvt.Ltd-Catalysis and carbon capture(Vadodara ) ,Chemical,Summer 2021,None,"A3, A7"
429,Vadodara,Sud-Chemie India Pvt.Ltd-CFD analysis(Vadodara ) ,Chemical,Summer 2021,None,"A3, A7"
430,Vadodara,Sud-Chemie India Pvt.Ltd-Design of extruder and molecular sieves(Vadodara ) ,Chemical,Summer 2021,None,"A3, A7"
431,Vadodara,Sud-Chemie India Pvt.Ltd-Kinetic modeling(Vadodara ) ,Chemical,Summer 2021,None,"A3, A7"
432,Vadodara,Sud-Chemie India Pvt.Ltd-Zeolites(Vadodara ) ,Chemical,Summer 2021,None,"A3, A7"
433,Pune,Suzlon Energy- Branding campaigns and strategy(Pune) Finance and ,Mgmt,Summer 2021,None,"A3, A7"
434,Pune,Suzlon Foundation - Documentation and Analysis(Pune) Finance and ,Mgmt,Summer 2021,None,"A3, A7"
435,Ahmedabad,"Swami Vivekanand Gujarat Rajya Yuva Board- Research, Policy and Copywriting(Ahmedabad ) Finance and ",Mgmt,Summer 2021,None,"A3, A7"
436,Gachibowli,Swecha - Shell Programming(Gachibowli ) ,IT,Summer 2021,None,"A3, A7"
437,Gachibowli,Swecha - Web Development(Gachibowli ) ,IT,Summer 2021,None,"A3, A7"
438,Gachibowli,Swecha Machine Learning(Gachibowli ) ,IT,Summer 2021,None,"A3, A7"
439,Gachibowli,Swecha - Speech Recognition(Gachibowli ) ,IT,Summer 2021,None,"A3, A7"
440,Bangalore,Swiggy - Software Development(Bangalore) ,IT,Summer 2021,None,"A3, A7"
441,Hyderabad,Synchrony International - Data Analytics(Hyderabad ) ,IT,Summer 2021,None,"A3, A7"
442,Hyderabad,Synchrony International Services Pvt Ltd(Hyderabad) Computer ,Science,Summer 2021,None,"A3, A7"
443,New,delhi Takshila Learning - IT(New delhi) ,IT,Summer 2021,None,"A3, A7"
444,New,delhi Takshila Learning- Business intelligence(New delhi) ,IT,Summer 2021,None,"A3, A7"
445,New,delhi Takshila Learning- Operations(New delhi) ,IT,Summer 2021,None,"A3, A7"
446,New,delhi Takshila learning- Value education(New delhi) ,IT,Summer 2021,None,"A3, A7"
447,Chennai,"Tamil nadu Startup & Innovation Mission(Startuo TN), EDII -TN(Chennai) Finance and ",Mgmt,Summer 2021,None,"A3, A7"
448,Chennai,Tamil nadu Startup & Innovation Mission- Strategy Consulting(Chennai) Finance and ,Mgmt,Summer 2021,None,"A3, A7"
449,Mumbai,TDF The diamond factory (I) Pvt Ltd - Business Development(Mumbai) Finance and ,Mgmt,Summer 2021,None,"A3, A7"
450,Hyderabad,Telangana e-governance - Software Development(Hyderabad ) ,IT,Summer 2021,None,"A3, A7"
451,Chennai,TNSTC - Digital Content - Astronomy(Chennai) Computer ,Science,Summer 2021,None,"A3, A7"
452,Chennai,TNSTC - Digital Content - Astronomy - App/AR/VR(Chennai) Computer ,Science,Summer 2021,None,"A3, A7"
453,Jafrabad,Ultratech Cement Limited-Chemical(Jafrabad) ,Cement,Summer 2021,None,"A3, A7"
454,Jafrabad,Ultratech Cement Limited-Civil(Jafrabad) ,Cement,Summer 2021,None,"A3, A7"
455,Jafrabad,Ultratech Cement Limited-Electrical & Electronics(Jafrabad) ,Cement,Summer 2021,None,"A3, A7"
456,Jafrabad,Ultratech Cement Limited-Mechanical(Jafrabad) ,Cement,Summer 2021,None,"A3, A7"
457,Kotputli,Ultratech Cement Ltd- Electronics & Instrumentation(Kotputli) ,Cement,Summer 2021,None,"A3, A7"
458,Kotputli,Ultratech Cement Ltd-Mechanical(Kotputli) ,Cement,Summer 2021,None,"A3, A7"
459,Chennai,Urjanet - Data Analytics(Chennai) Finance and ,Mgmt,Summer 2021,None,"A3, A7"
460,Chennai,Urjanet - Software Development(Chennai) ,IT,Summer 2021,None,"A3, A7"
461,Chennai,Urjanet- Quality assurance(Chennai) ,IT,Summer 2021,None,"A3, A7"
462,Trivandrum,UST Global - Machine Learning(Trivandrum) ,IT,Summer 2021,None,"A3, A7"
463,Trivandrum,UST Global - Machine Learning/DSP/AI(Trivandrum) Computer ,Science,Summer 2021,None,"A3, A7"
464,Trivandrum,UST Global - Research/Blockchain(Trivandrum) ,IT,Summer 2021,None,"A3, A7"
465,Trivandrum,UST Global - VLSI Design/Circuit Design(Trivandrum) Computer ,Science,Summer 2021,None,"A3, A7"
466,Hyderabad,Vasantha Tool Crafts Pvt Limited-Mechanical(Hyderabad ) ,Mechanical,Summer 2021,None,"A3, A7"
467,Kolkata,VComply - Data Analytics(Kolkata) ,IT,Summer 2021,None,"A3, A7"
468,Kolkata,VComply - Mobile Applications(Kolkata) ,IT,Summer 2021,None,"A3, A7"
469,Kolkata,VComply - Mobile Applications/NLP(Kolkata) ,IT,Summer 2021,None,"A3, A7"
470,Kolkata,VComply - Software Development(Kolkata) ,IT,Summer 2021,None,"A3, A7"
471,Hyderabad,Vidcentum R & D Pvt - Machine Learning/DSP/AI(Hyderabad ) ,Electronics,Summer 2021,None,"A3, A7"
472,Neemuch,Vikram Cement Works - Industrial Automation & Control(Neemuch ) ,Cement,Summer 2021,None,"A3, A7"
473,Neemuch,Vikram cement works- Civil (Inventory management)(Neemuch ) ,Cement,Summer 2021,None,"A3, A7"
474,Neemuch,Vikram cement works-Civil (Resource optimization)(Neemuch ) ,Cement,Summer 2021,None,"A3, A7"
475,Neemuch,Vikram cement works-Electrical & Electronics(Neemuch ) ,Cement,Summer 2021,None,"A3, A7"
476,Neemuch,Vikram cement works-Mechanical (Digitalization)(Neemuch ) ,Cement,Summer 2021,None,"A3, A7"
477,Neemuch,Vikram cement works-Mechanical (Hazard idntification)(Neemuch ) ,Cement,Summer 2021,None,"A3, A7"
478,Neemuch,Vikram cement works-Mechanical (Maintenance)(Neemuch ) ,Cement,Summer 2021,None,"A3, A7"
479,Neemuch,Vikram cement works-Mechanical (Organizational effectiveness)(Neemuch ) ,Cement,Summer 2021,None,"A3, A7"
480,Neemuch,Vikram cement works-Mechanical (Safety and enviornment)(Neemuch ) ,Cement,Summer 2021,None,"A3, A7"
481,Neemuch,Vikram cement works-Mechanical (Training modules)(Neemuch ) ,Cement,Summer 2021,None,"A3, A7"
482,Neemuch,Vikram cement works-Mechanical (Utility)(Neemuch ) ,Cement,Summer 2021,None,"A3, A7"
483,Usa,"Village Book Builders,Mapleton, UT, USA-Backend Development(Usa) ",IT,Summer 2021,None,"A3, A7"
484,Usa,"Village Book Builders,Mapleton, UT, USA-Front End Development(Usa) ",IT,Summer 2021,None,"A3, A7"
485,Usa,"Village Book Builders,Mapleton, UT, USA-Web Analytics and Optimizatiom(Usa) ",IT,Summer 2021,None,"A3, A7"
486,Usa,Village book builders- IT networking(Usa) ,IT,Summer 2021,None,"A3, A7"
487,Usa,Village book builders- Operations automation(Usa) ,IT,Summer 2021,None,"A3, A7"
488,Pune,Viram Technologies Enterprises - Mechanical (Automation design)(Pune) ,Mechanical,Summer 2021,None,"A3, A7"
489,Pune,Viram Technologies Enterprises - Mechanical (Finite Element Analysis)(Pune) ,Mechanical,Summer 2021,None,"A3, A7"
490,Pune,Viram Technologies Enterprises - Mechanical (Piping and thermal analysis)(Pune) ,Mechanical,Summer 2021,None,"A3, A7"
491,Pune,Viram Technologies Enterprises - Mechanical (Process equipment design)(Pune) ,Mechanical,Summer 2021,None,"A3, A7"
492,Pune,Viram Technologies Enterprises - Mechanical (structure analysis)(Pune) ,Mechanical,Summer 2021,None,"A3, A7"
493,Bangalore,VoiceQube - Software Development(Bangalore) ,IT,Summer 2021,None,"A3, A7"
494,Kolkata,WEBiROID Technology & Consultancy Services - Infographics design(Kolkata) Finance and ,Mgmt,Summer 2021,None,"A3, A7"
495,Kolkata,WEBiROID Technology & Consultancy Services Pvt. Ltd.Kolkata-Content development(Kolkata) Computer ,Science,Summer 2021,None,"A3, A7"
496,Kolkata,WEBiROID Technology & Consultancy Services Pvt. Ltd.Kolkata-Digital Marketing(Kolkata) Computer ,Science,Summer 2021,None,"A3, A7"
497,Kolkata,WEBiROID Technology & Consultancy Services Pvt. Ltd.Kolkata-Investment Research(Kolkata) Finance and ,Mgmt,Summer 2021,None,"A3, A7"
498,Bangalore,William O Neil - Data Analytics(Bangalore) Finance and ,Mgmt,Summer 2021,None,"A3, A7"
499,Pune,Xarvis Intelligent Systems Lab Pvt Ltd - Non Tech(Pune) Finance and ,Mgmt,Summer 2021,None,"A3, A7"
500,Pune,"Xarvis Intelligent Systems Lab Pvt Ltd - Tech ,Pune - Software Development(Pune) ",IT,Summer 2021,None,"A3, A7"
501,Pune,"Xarvis Intelligent Systems Lab Pvt Ltd - Tech ,Pune - UI Development(Pune) ",IT,Summer 2021,None,"A3, A7"
502,Hyderabad,Yashoda Hospitals - Software Development(Hyderabad ) ,IT,Summer 2021,None,"A3, A7"
503,Hyderabad,Yashoda Hospitals- Medical Inclusion in pain department(Hyderabad ) Health ,Care,Summer 2021,None,"A3, A7"
504,Bengaluru,Yazaki India Private Ltd.(Bengaluru ) ,Mechanical,Summer 2021,None,"A3, A7"
